{
  "episodes": 1000,
  "mean_reward": 2.7614,
  "final_moving_avg_50": 2.74,
  "q_table": {
    "0": [
      0.0,
      -0.020000000000000004
    ],
    "1": [
      -0.432891136,
      0.9999999999928328
    ],
    "2": [
      -0.931280523264,
      1.9999999999999996
    ],
    "3": [
      -1.4175366279168,
      2.999999999999999
    ],
    "4": [
      -1.7852516352,
      3.999999999999999
    ],
    "5": [
      -2.362561046528,
      4.999999999981652
    ],
    "6": [
      0.0,
      5.999673328927756
    ]
  },
  "seed": 42
}